year,Age,avg_duration
1885,133,803.3650794
1899,119,1130.125
1900,118,1088.458333
1901,117,1227.388889
1907,111,1279
1910,108,137.4347826
1917,101,476
1918,100,371
1926,92,538.5
1932,86,406.1111111
1934,84,664.8
1935,83,623.5833333
1936,82,766.375
1937,81,371.1666667
1938,80,795.3504673
1939,79,798.4621849
1940,78,631.1012146
1941,77,660.2818792
1942,76,862.3267974
1943,75,693.5588235
1944,74,824.328629
1945,73,1221.598592
1946,72,1122.493151
1947,71,1297.067449
1948,70,782.7184685
1949,69,1025.242857
1950,68,713.9120805
1951,67,823.3023447
1952,66,858.6280156
1953,65,741.173926
1954,64,915.2210102
1955,63,806.3524514
1956,62,763.6168819
1957,61,776.0623728
1958,60,874.9729292
1959,59,816.9298744
1960,58,736.215742
1961,57,814.7860256
1962,56,821.1434901
1963,55,963.779846
1964,54,761.3425365
1965,53,766.4203569
1966,52,773.9131886
1967,51,884.75158
1968,50,977.2567119
1969,49,745.9044806
1970,48,730.4256875
1971,47,746.6828161
1972,46,832.8635675
1973,45,727.2264525
1974,44,741.3570283
1975,43,701.2572551
1976,42,750.3090771
1977,41,810.101615
1978,40,890.5349061
1979,39,824.4812059
1980,38,739.3487325
1981,37,755.055452
1982,36,823.6192189
1983,35,753.6882305
1984,34,672.410645
1985,33,709.7867786
1986,32,709.329912
1987,31,716.9797909
1988,30,763.4918052
1989,29,665.9440025
1990,28,705.593136
1991,27,648.1892535
1992,26,673.0868017
1993,25,617.4912629
1994,24,623.061257
1995,23,631.3994398
1996,22,641.928624
1997,21,725.1955056
1998,20,1019.44665
1999,19,632.7791165
2000,18,455
1885,133,814.4361702
1899,119,1077.894737
1900,118,784.0693069
1901,117,1538.5
1907,111,1042
1910,108,177.7692308
1917,101,967
1918,100,615.5
1920,98,1141
1921,97,130
1926,92,809.4545455
1932,86,617.1666667
1934,84,803.8
1935,83,555.4444444
1936,82,704.8
1937,81,1643.071429
1938,80,857.1780822
1939,79,814.4193548
1940,78,703.8275862
1941,77,652.25
1942,76,743.4098074
1943,75,733.784375
1944,74,798.3272727
1945,73,882.95053
1946,72,1133.864336
1947,71,676.2245302
1948,70,702.8939502
1949,69,1047.231179
1950,68,803.391494
1951,67,806.2348574
1952,66,756.6055276
1953,65,856.3824909
1954,64,921.4430877
1955,63,825.2052951
1956,62,812.2410125
1957,61,1031.083723
1958,60,789.5299781
1959,59,897.1678852
1960,58,864.9068586
1961,57,797.5907962
1962,56,820.1854489
1963,55,865.5779242
1964,54,758.0394328
1965,53,805.2785364
1966,52,789.7835409
1967,51,881.0532092
1968,50,746.8536681
1969,49,886.2763715
1970,48,918.9199857
1971,47,801.8536319
1972,46,737.5623874
1973,45,773.5242582
1974,44,720.0755809
1975,43,794.6945867
1976,42,736.0205885
1977,41,745.4168876
1978,40,816.9080576
1979,39,772.3803763
1980,38,735.9769169
1981,37,892.7492904
1982,36,727.1796925
1983,35,761.9355461
1984,34,724.4095607
1985,33,730.0356555
1986,32,715.3351359
1987,31,724.4018687
1988,30,710.5627065
1989,29,703.8174749
1990,28,792.5095942
1991,27,747.6659383
1992,26,668.6968174
1993,25,697.3241286
1994,24,669.4040808
1995,23,579.8834553
1996,22,925.3136991
1997,21,552.2091131
1998,20,610.0139398
1999,19,1198.839844
2000,18,481
1885,133,2403.038835
1899,119,1109.205882
1900,118,874.5619835
1901,117,1088.176471
1907,111,1020.5
1910,108,351.1111111
1917,101,870.125
1918,100,583.3333333
1920,98,656
1921,97,231.5
1926,92,1092.105263
1927,91,8781
1932,86,587.3076923
1933,85,3113.75
1934,84,667.5454545
1935,83,1844.72093
1936,82,835.1182796
1937,81,618.4
1938,80,987.6580882
1939,79,815.7175141
1940,78,686.2903226
1941,77,791.3507853
1942,76,860.2976589
1943,75,723.8684211
1944,74,832.0182768
1945,73,855.8211474
1946,72,960.4990138
1947,71,823.5329154
1948,70,753.7274481
1949,69,1075.128023
1950,68,849.4319157
1951,67,983.9797643
1952,66,1028.726907
1953,65,836.474604
1954,64,972.3327216
1955,63,903.1250875
1956,62,969.9494125
1957,61,821.9466999
1958,60,856.7694059
1959,59,978.2751742
1960,58,804.2482894
1961,57,982.5265676
1962,56,798.3185243
1963,55,860.9986752
1964,54,867.30898
1965,53,822.7389481
1966,52,941.1593893
1967,51,855.5159982
1968,50,798.4250914
1969,49,837.9383372
1970,48,744.1964411
1971,47,807.1637201
1972,46,993.0434215
1973,45,863.6971894
1974,44,853.4549716
1975,43,876.7864676
1976,42,1008.927952
1977,41,838.6271211
1978,40,823.8587282
1979,39,822.1280806
1980,38,763.3113556
1981,37,832.6673152
1982,36,1096.925993
1983,35,834.1403514
1984,34,868.1969834
1985,33,780.5501402
1986,32,815.1329239
1987,31,767.5517274
1988,30,759.6206198
1989,29,825.7652229
1990,28,830.5420828
1991,27,804.1543416
1992,26,892.9736457
1993,25,774.3659563
1994,24,709.7828304
1995,23,681.8692771
1996,22,707.4208839
1997,21,741.7279693
1998,20,646.3445596
1999,19,731.62
2000,18,600.3191489
1885,133,822.4558824
1894,124,5754.333333
1899,119,978.8787879
1900,118,949.7981651
1901,117,1074.482759
1910,108,540.6388889
1917,101,1154.55
1918,100,524
1920,98,971.9285714
1921,97,384.4666667
1926,92,770.2777778
1930,88,516.6
1932,86,385.8571429
1933,85,26777
1934,84,962.4
1935,83,762.8727273
1936,82,792.6595745
1937,81,680.4
1938,80,771.9059829
1939,79,855.3283582
1940,78,819.7975
1941,77,766.6788321
1942,76,840.2593037
1943,75,791.2084746
1944,74,967.2207792
1945,73,851.6244395
1946,72,918.4187558
1947,71,844.7567114
1948,70,1737.749046
1949,69,929.6649114
1950,68,1125.463789
1951,67,1624.969689
1952,66,847.6171228
1953,65,908.3799087
1954,64,877.5611143
1955,63,942.3129233
1956,62,852.2600125
1957,61,1033.148691
1958,60,812.8439394
1959,59,964.2037606
1960,58,888.5623095
1961,57,870.6875513
1962,56,927.4254159
1963,55,844.9120338
1964,54,939.126146
1965,53,832.44358
1966,52,859.2178675
1967,51,904.5494534
1968,50,920.0655861
1969,49,955.2383763
1970,48,843.0577436
1971,47,934.1260048
1972,46,817.364985
1973,45,800.9693123
1974,44,789.1315966
1975,43,834.8553941
1976,42,794.038053
1977,41,824.6777686
1978,40,985.6440799
1979,39,806.6315164
1980,38,829.1434076
1981,37,929.9192534
1982,36,826.9573316
1983,35,834.2452937
1984,34,815.2209716
1985,33,780.7652661
1986,32,1031.696124
1987,31,790.2360029
1988,30,822.1352608
1989,29,832.4112111
1990,28,834.03226
1991,27,839.3543841
1992,26,880.5003403
1993,25,766.4084451
1994,24,742.1493651
1995,23,805.7198691
1996,22,693.3035144
1997,21,667.9305792
1998,20,636.4089681
1999,19,715.7878476
2000,18,987.2290076
1885,133,779.5555556
1888,130,1067.4
1894,124,359.1428571
1899,119,1175.333333
1900,118,1057.813953
1901,117,1051.96875
1909,109,848.5333333
1910,108,828.6206897
1912,106,1583
1913,105,1920
1917,101,1052.666667
1918,100,569.2142857
1920,98,1275.555556
1921,97,373.5882353
1923,95,722
1925,93,854.5
1926,92,1215
1930,88,1296
1932,86,411.5384615
1933,85,1413.028571
1934,84,666.3636364
1935,83,623.7111111
1936,82,886.5277778
1937,81,1086.22807
1938,80,2640.19917
1939,79,735.1485714
1940,78,878.1851852
1941,77,1220.490541
1942,76,804.7215496
1943,75,854.0304487
1944,74,869.2748344
1945,73,830.3339713
1946,72,1221.839616
1947,71,838.1755567
1948,70,913.1290043
1949,69,1301.596231
1950,68,932.6275191
1951,67,1124.625786
1952,66,964.4418306
1953,65,861.8764027
1954,64,898.063786
1955,63,906.5415321
1956,62,856.9422076
1957,61,897.8531564
1958,60,905.3877532
1959,59,982.9961311
1960,58,859.3729629
1961,57,905.0591169
1962,56,874.9672435
1963,55,851.9121382
1964,54,846.1716097
1965,53,796.3858483
1966,52,1007.221931
1967,51,847.0445832
1968,50,890.6024898
1969,49,833.4660943
1970,48,851.4140987
1971,47,890.7538871
1972,46,837.2441776
1973,45,817.6728771
1974,44,883.738223
1975,43,885.9236526
1976,42,831.9878104
1977,41,853.7454817
1978,40,840.3911629
1979,39,911.7083056
1980,38,884.3081479
1981,37,895.0122965
1982,36,935.8927131
1983,35,820.1677587
1984,34,838.824356
1985,33,854.2668833
1986,32,817.4328476
1987,31,807.9906906
1988,30,879.0112627
1989,29,807.8159336
1990,28,836.5713165
1991,27,854.4093486
1992,26,829.1086904
1993,25,830.1010625
1994,24,835.7969468
1995,23,830.0994684
1996,22,740.6596499
1997,21,897.1196809
1998,20,738.2583269
1999,19,703.8188153
2000,18,650.575
1885,133,901.0446429
1887,131,1284.8
1888,130,701.9666667
1894,124,284
1899,119,873.4210526
1900,118,1025.829457
1901,117,1134.470588
1907,111,1990.428571
1910,108,424.6052632
1912,106,676.4
1913,105,1900.5
1917,101,799.3448276
1918,100,1275.066667
1920,98,1401
1921,97,512.7419355
1923,95,924.1176471
1925,93,832.6666667
1926,92,968
1931,87,484
1932,86,746.7857143
1933,85,1131.55
1934,84,542.5
1935,83,728.5507246
1936,82,1006.247059
1937,81,701.6410256
1938,80,1033.578059
1939,79,880.0282486
1940,78,799.2551867
1941,77,802.9884696
1942,76,777.1820041
1943,75,812.7875
1944,74,783.9863732
1945,73,711.2858355
1946,72,802.1449477
1947,71,756.8036493
1948,70,867.1826434
1949,69,844.8541465
1950,68,852.3273062
1951,67,968.4100102
1952,66,834.9816498
1953,65,907.9745003
1954,64,865.616748
1955,63,885.4742959
1956,62,850.9922533
1957,61,907.4694691
1958,60,849.3514677
1959,59,864.4233458
1960,58,808.3037169
1961,57,838.9117891
1962,56,843.9524496
1963,55,816.846412
1964,54,830.8442686
1965,53,779.5819428
1966,52,822.5376688
1967,51,788.8274679
1968,50,888.816269
1969,49,848.870761
1970,48,815.1861131
1971,47,844.5942084
1972,46,806.1883372
1973,45,898.1214199
1974,44,853.0520046
1975,43,825.2243385
1976,42,790.2843785
1977,41,894.4476611
1978,40,839.3881015
1979,39,850.174414
1980,38,883.6946074
1981,37,804.5026225
1982,36,809.743063
1983,35,808.2046255
1984,34,855.4580372
1985,33,802.1280417
1986,32,814.815318
1987,31,816.9036398
1988,30,830.6032643
1989,29,811.4900377
1990,28,793.4407691
1991,27,816.1575994
1992,26,808.3647502
1993,25,831.8013385
1994,24,798.3723394
1995,23,876.6854164
1996,22,825.5991144
1997,21,938.8687014
1998,20,775.2689791
1999,19,716.2188767
2000,18,858.408971
1885,133,1053.026087
1888,130,835.7419355
1893,125,1337.5
1894,124,247
1899,119,961.35
1900,118,1110.386139
1901,117,1016.368421
1907,111,488
1910,108,701.0833333
1912,106,557
1913,105,1852.333333
1917,101,773.5555556
1918,100,352.7142857
1920,98,547.25
1921,97,521.3333333
1923,95,633.9
1925,93,796.5
1926,92,621.8235294
1931,87,757.8
1932,86,624.1827957
1933,85,1084.040816
1934,84,752.5833333
1935,83,761.6794872
1936,82,892.5362319
1937,81,708.6875
1938,80,933.3262411
1939,79,1000.3875
1940,78,784.6545455
1941,77,676.0379581
1942,76,864.547619
1943,75,850.2391714
1944,74,749.2998833
1945,73,733.0183398
1946,72,780.5349379
1947,71,686.3640738
1948,70,791.8075201
1949,69,870.2139721
1950,68,823.0112474
1951,67,864.8548457
1952,66,858.602019
1953,65,843.8910274
1954,64,835.3623402
1955,63,859.7120852
1956,62,789.0523386
1957,61,834.0993837
1958,60,843.3398785
1959,59,840.8857207
1960,58,886.1955672
1961,57,862.7224301
1962,56,888.5030527
1963,55,848.7268118
1964,54,782.8904474
1965,53,794.1902124
1966,52,832.7885859
1967,51,812.9958626
1968,50,823.5829888
1969,49,849.8059156
1970,48,841.1018493
1971,47,817.0016031
1972,46,791.0130685
1973,45,844.2014217
1974,44,835.5661885
1975,43,771.326891
1976,42,816.7513218
1977,41,1010.685941
1978,40,825.098057
1979,39,805.5910254
1980,38,831.3463943
1981,37,787.4088268
1982,36,789.2273691
1983,35,788.9371364
1984,34,821.7261968
1985,33,846.0197935
1986,32,845.7616017
1987,31,805.5979728
1988,30,844.8019735
1989,29,787.0106287
1990,28,820.6365389
1991,27,814.8211525
1992,26,838.1990605
1993,25,831.1323357
1994,24,880.0569879
1995,23,949.6329208
1996,22,971.4173503
1997,21,1006.553623
1998,20,860.0967974
1999,19,796.1331269
2000,18,826.9229167
1885,133,1067.9
1888,130,859.5277778
1893,125,2407
1894,124,386.2
1896,122,937.5
1899,119,821.25
1900,118,1160.565934
1901,117,846.1833333
1907,111,1338.8
1910,108,330.5517241
1912,106,724
1913,105,1696.166667
1917,101,1398.733333
1918,100,708.7777778
1920,98,181
1921,97,491
1923,95,613.1363636
1926,92,493
1931,87,666.3333333
1932,86,521.2608696
1933,85,1250.95
1934,84,1403.233333
1935,83,834.6292135
1936,82,1054.942529
1937,81,995.2676056
1938,80,922.6231454
1939,79,834.8591549
1940,78,775.6340956
1941,77,719.3850856
1942,76,775.4006054
1943,75,807.2633333
1944,74,836.6261161
1945,73,742.2882535
1946,72,769.6476653
1947,71,876.2938988
1948,70,852.7118167
1949,69,912.7464438
1950,68,804.8648111
1951,67,882.1473936
1952,66,835.8315752
1953,65,883.9977992
1954,64,805.5361263
1955,63,1061.188708
1956,62,882.2654824
1957,61,841.2579392
1958,60,1099.856525
1959,59,859.657848
1960,58,809.6612497
1961,57,838.8276122
1962,56,860.6226203
1963,55,956.2689186
1964,54,800.1507741
1965,53,916.2791688
1966,52,811.5494505
1967,51,887.1465505
1968,50,957.2664441
1969,49,839.4343551
1970,48,857.609344
1971,47,801.7404608
1972,46,798.9115173
1973,45,849.3027827
1974,44,816.3637013
1975,43,883.9607815
1976,42,781.1893193
1977,41,847.5438402
1978,40,819.3307558
1979,39,849.8154727
1980,38,792.1890333
1981,37,837.3583231
1982,36,865.4254206
1983,35,804.6251988
1984,34,785.8456037
1985,33,852.2319431
1986,32,813.6267187
1987,31,832.6783282
1988,30,801.7790648
1989,29,792.1988217
1990,28,806.6655989
1991,27,885.1956957
1992,26,850.5861599
1993,25,807.324521
1994,24,822.4426074
1995,23,1247.217527
1996,22,1030.566315
1997,21,813.6341603
1998,20,875.5291983
1999,19,888.4302926
2000,18,944.8794992
1885,133,976.0169492
1886,132,1530
1888,130,687.4642857
1893,125,175
1894,124,367
1899,119,653.8333333
1900,118,1098.202312
1901,117,969.212766
1910,108,282.1290323
1912,106,971.5
1913,105,1309.909091
1917,101,1102.423077
1918,100,379.125
1921,97,359.6
1923,95,660.65
1926,92,813.3846154
1931,87,495
1932,86,555.4509804
1933,85,983.2352941
1934,84,987.4285714
1935,83,906.2352941
1936,82,748.5696203
1937,81,1040.531646
1938,80,873.167147
1939,79,2088.956835
1940,78,907.9748744
1941,77,806.3950456
1942,76,769.2527288
1943,75,826.162116
1944,74,848.6336283
1945,73,825.9728435
1946,72,888.0530565
1947,71,870.757675
1948,70,874.4508197
1949,69,976.0627294
1950,68,903.1989171
1951,67,905.5250247
1952,66,862.8798638
1953,65,947.1192616
1954,64,835.9112931
1955,63,910.5768015
1956,62,851.1762829
1957,61,887.5474217
1958,60,949.5023004
1959,59,975.5893049
1960,58,827.5432816
1961,57,868.7977664
1962,56,885.9629351
1963,55,866.0757793
1964,54,828.4312262
1965,53,813.0641149
1966,52,840.2258557
1967,51,810.5001495
1968,50,856.8656627
1969,49,843.6893137
1970,48,865.3175401
1971,47,830.7707981
1972,46,812.9044966
1973,45,830.9644628
1974,44,829.3340513
1975,43,825.2328956
1976,42,838.5732098
1977,41,825.955739
1978,40,864.721882
1979,39,813.368813
1980,38,839.1167626
1981,37,809.0784566
1982,36,823.8780795
1983,35,794.226635
1984,34,811.0747735
1985,33,826.6645429
1986,32,812.4027853
1987,31,820.2248467
1988,30,809.5852496
1989,29,795.624046
1990,28,815.9601747
1991,27,846.8141426
1992,26,820.5128736
1993,25,837.7711134
1994,24,802.5159142
1995,23,788.3422605
1996,22,771.6433572
1997,21,694.9614772
1998,20,975.3525041
1999,19,756.9430468
2000,18,899.3099825
1885,133,953.8617021
1886,132,1094
1888,130,855.9583333
1893,125,779
1895,123,1109.5
1896,122,1015
1899,119,449.2580645
1900,118,1080.409574
1901,117,906.75
1910,108,263.5128205
1912,106,989.5517241
1917,101,988.625
1918,100,355.2307692
1920,98,1311.785714
1921,97,378.7
1923,95,546.2083333
1926,92,669.6206897
1930,88,382.8
1931,87,1712.2
1932,86,604.3150685
1933,85,1153.321429
1934,84,859
1935,83,660.7619048
1936,82,879.2934783
1937,81,869.8051948
1938,80,952.4840989
1939,79,706.4883721
1940,78,1144.920354
1941,77,729.9712644
1942,76,758.0102201
1943,75,988.8220472
1944,74,874.5618661
1945,73,858.4677824
1946,72,802.9750968
1947,71,2588.132637
1948,70,851.8374198
1949,69,841.4560992
1950,68,853.65625
1951,67,846.1597475
1952,66,903.4892576
1953,65,791.0233585
1954,64,853.907564
1955,63,900.1160604
1956,62,839.3577897
1957,61,836.1634344
1958,60,818.5499925
1959,59,861.2169877
1960,58,813.6683024
1961,57,834.7502223
1962,56,821.8683653
1963,55,835.6334368
1964,54,838.6368569
1965,53,915.9532143
1966,52,889.094184
1967,51,840.94393
1968,50,808.5308657
1969,49,798.2839161
1970,48,912.8791862
1971,47,789.7165357
1972,46,798.2851951
1973,45,866.9875714
1974,44,1010.795572
1975,43,780.5201908
1976,42,1131.890885
1977,41,790.6748783
1978,40,788.5613906
1979,39,810.8348626
1980,38,800.9091379
1981,37,770.931919
1982,36,756.5974065
1983,35,771.3083745
1984,34,763.456206
1985,33,807.7762675
1986,32,769.9116162
1987,31,799.3618976
1988,30,788.8273486
1989,29,812.7747646
1990,28,763.4943229
1991,27,899.3438655
1992,26,957.2874697
1993,25,832.0079451
1994,24,758.5531626
1995,23,775.6146111
1996,22,698.3271147
1997,21,883.7843085
1998,20,809.9522353
1999,19,706.6824984
2000,18,797.1776213
1885,133,1148.626506
1886,132,1229
1888,130,485.7333333
1893,125,711.1428571
1895,123,829.1754386
1899,119,836.7272727
1900,118,1001.058333
1901,117,1175.65625
1910,108,150.8333333
1912,106,1003.97561
1917,101,710
1918,100,280.6363636
1921,97,262
1923,95,657.3333333
1926,92,855.5384615
1931,87,1725.7
1932,86,677.3768116
1933,85,1007.959184
1934,84,902.5060241
1935,83,5263.742857
1936,82,971.7910448
1937,81,1007.655172
1938,80,953.221831
1939,79,838.0578035
1940,78,881.1545802
1941,77,763.8267857
1942,76,851.7255859
1943,75,893.5472837
1944,74,773.7907895
1945,73,911.2140541
1946,72,830.3142265
1947,71,882.1542339
1948,70,1020.172805
1949,69,817.8256131
1950,68,825.8696386
1951,67,877.4785526
1952,66,847.9309848
1953,65,789.6690446
1954,64,973.0152138
1955,63,887.0659971
1956,62,840.0846364
1957,61,805.1643889
1958,60,845.5700453
1959,59,837.6186271
1960,58,792.3491309
1961,57,875.404144
1962,56,800.1107724
1963,55,814.279389
1964,54,781.5330377
1965,53,825.9635632
1966,52,814.1592329
1967,51,839.1842063
1968,50,778.6653244
1969,49,785.3039942
1970,48,797.1216837
1971,47,820.8123258
1972,46,906.4810325
1973,45,861.0929151
1974,44,767.799903
1975,43,762.1174156
1976,42,874.3538012
1977,41,937.5819207
1978,40,755.6867605
1979,39,755.6498235
1980,38,856.6452637
1981,37,771.0940706
1982,36,826.9012921
1983,35,762.1101508
1984,34,743.7130518
1985,33,748.6080351
1986,32,742.0809359
1987,31,759.2189882
1988,30,840.3237397
1989,29,730.8077356
1990,28,732.8272605
1991,27,738.1585242
1992,26,760.7860429
1993,25,775.9136352
1994,24,706.0055314
1995,23,701.9752891
1996,22,664.5041889
1997,21,597.0889516
1998,20,755.6225
1999,19,654.873352
2000,18,874.313253
1885,133,1960.642857
1886,132,617
1888,130,792.2727273
1893,125,691.2307692
1895,123,690.6
1899,119,687.5757576
1900,118,954.617284
1901,117,979.1
1910,108,187.8214286
1912,106,899.1578947
1917,101,633.4166667
1918,100,353.6363636
1921,97,207
1923,95,343.2857143
1926,92,1018.166667
1930,88,984
1931,87,860.8
1932,86,606.72
1933,85,890.45
1934,84,830.3880597
1935,83,570.7619048
1936,82,842.3023256
1937,81,1033.75
1938,80,835.7596567
1939,79,747.1694915
1940,78,757.9069767
1941,77,719.0224299
1942,76,693.2228261
1943,75,793.0404494
1944,74,709.6952998
1945,73,692.8359133
1946,72,716.915379
1947,71,771.5563161
1948,70,802.52237
1949,69,751.6620983
1950,68,787.500446
1951,67,1851.555897
1952,66,748.4160544
1953,65,729.7461268
1954,64,762.211068
1955,63,780.8503367
1956,62,799.0960127
1957,61,725.7920681
1958,60,753.5054449
1959,59,794.9348217
1960,58,758.5058638
1961,57,718.0103002
1962,56,745.2651655
1963,55,766.1505217
1964,54,717.7734628
1965,53,724.8699095
1966,52,700.1320206
1967,51,738.3847237
1968,50,725.2604947
1969,49,760.2209178
1970,48,741.3396148
1971,47,744.2919007
1972,46,693.0361439
1973,45,698.5899531
1974,44,771.2027303
1975,43,761.3380316
1976,42,700.5720974
1977,41,683.896229
1978,40,723.4090138
1979,39,675.0383997
1980,38,673.4686624
1981,37,732.630065
1982,36,722.1119827
1983,35,655.9358554
1984,34,652.5929055
1985,33,689.2496872
1986,32,714.6347941
1987,31,717.7217893
1988,30,654.9984362
1989,29,663.0914064
1990,28,678.532071
1991,27,771.6370835
1992,26,653.7316572
1993,25,714.3074434
1994,24,807.8097789
1995,23,782.5461737
1996,22,607.7076233
1997,21,620.3634279
1998,20,738.3921028
1999,19,658.591716
2000,18,662.7407407
1885,133,899.3392857
1886,132,1621.9
1893,125,709.5
1895,123,666.3333333
1899,119,974.48
1900,118,811.8555556
1901,117,989.5416667
1910,108,143.9230769
1912,106,904.4285714
1915,103,3570.125
1917,101,331.6666667
1918,100,467.0909091
1920,98,1373
1921,97,195
1923,95,389.25
1926,92,701
1931,87,1256.857143
1932,86,405.3043478
1934,84,724.5967742
1935,83,878.1
1936,82,773.8863636
1937,81,849.6
1938,80,742.9893048
1939,79,671.3647059
1940,78,672.4347826
1941,77,712.1198257
1942,76,686.6287215
1943,75,729.761194
1944,74,729.241453
1945,73,582.7264808
1946,72,628.2630662
1947,71,703.6750903
1948,70,737.4614428
1949,69,959.0345212
1950,68,775.3914489
1951,67,810.6962337
1952,66,734.4119935
1953,65,662.3672316
1954,64,789.4106392
1955,63,793.5465072
1956,62,785.7433418
1957,61,744.7743775
1958,60,736.1774662
1959,59,751.5156629
1960,58,768.2746948
1961,57,747.0208416
1962,56,726.3009522
1963,55,745.1293827
1964,54,969.030161
1965,53,815.3861096
1966,52,735.6637959
1967,51,730.5586469
1968,50,851.9857352
1969,49,698.3583921
1970,48,721.0100694
1971,47,716.4080204
1972,46,675.4501966
1973,45,739.7209853
1974,44,715.0011395
1975,43,713.3359048
1976,42,725.070291
1977,41,694.1989439
1978,40,686.9756977
1979,39,684.5513619
1980,38,668.4260319
1981,37,736.4647338
1982,36,690.1587424
1983,35,711.3306078
1984,34,619.8187304
1985,33,687.6556562
1986,32,655.0275779
1987,31,672.6014593
1988,30,675.5312769
1989,29,643.6486772
1990,28,1007.631216
1991,27,683.9693697
1992,26,666.5050566
1993,25,743.9528342
1994,24,612.6409006
1995,23,721.4244236
1996,22,786.146639
1997,21,738.3748691
1998,20,679.3246888
1999,19,610.9645429
2000,18,646.8207218
1858,160,29372
1885,133,820.9545455
1886,132,779.375
1888,130,308.75
1893,125,671.8888889
1895,123,874.5
1899,119,873.8
1900,118,928.1234568
1901,117,1000.354839
1907,111,1326
1910,108,271.0454545
1912,106,771.3333333
1915,103,298
1917,101,416.1111111
1918,100,691.1111111
1920,98,954
1921,97,136.5
1923,95,510.4166667
1926,92,497.5172414
1931,87,1476.25
1932,86,247.5333333
1933,85,1639.2
1934,84,701.4305556
1935,83,558.625
1936,82,561.4897959
1937,81,901.25
1938,80,829.5695364
1939,79,721.8666667
1940,78,615.1384615
1941,77,734.1113636
1942,76,792.6800595
1943,75,634.0166667
1944,74,866.4766187
1945,73,675.3119869
1946,72,698.6608187
1947,71,764.2866535
1948,70,788.5542484
1949,69,791.6991435
1950,68,751.7255217
1951,67,809.450495
1952,66,747.2606117
1953,65,698.7018861
1954,64,773.5597785
1955,63,874.3143283
1956,62,797.3174863
1957,61,766.6872982
1958,60,774.6825593
1959,59,798.7103536
1960,58,727.8702708
1961,57,750.130102
1962,56,759.1647778
1963,55,805.538842
1964,54,814.0281745
1965,53,722.2576148
1966,52,756.9165723
1967,51,713.2319936
1968,50,793.2291955
1969,49,877.9184754
1970,48,805.9760448
1971,47,694.6803037
1972,46,720.4140235
1973,45,778.0092645
1974,44,739.0174475
1975,43,727.0953348
1976,42,824.1613352
1977,41,728.2475064
1978,40,736.5037619
1979,39,728.4930897
1980,38,755.221197
1981,37,742.3701316
1982,36,714.4548305
1983,35,713.7331264
1984,34,702.8072182
1985,33,706.0679316
1986,32,819.3116084
1987,31,804.6247605
1988,30,741.1296208
1989,29,712.6932033
1990,28,709.0936683
1991,27,724.136858
1992,26,746.1252165
1993,25,727.4567436
1994,24,714.7622726
1995,23,889.9073045
1996,22,616.6613288
1997,21,689.3273066
1998,20,763.33
1999,19,680.5746014
2000,18,751.4829268
2001,17,1209.6
1885,133,799.9487179
1886,132,963.5
1888,130,389.6666667
1893,125,758.5333333
1895,123,531
1899,119,1246.322581
1900,118,952.9
1901,117,1185.483871
1907,111,512
1910,108,254.7058824
1912,106,742.8333333
1917,101,577.6363636
1918,100,470.3333333
1921,97,134
1923,95,443.5625
1926,92,529.5945946
1931,87,1016
1932,86,313.75
1933,85,1167.75
1934,84,703.5441176
1935,83,413.2
1936,82,575
1937,81,648.4615385
1938,80,659.7597765
1939,79,741.0215054
1940,78,597.6405694
1941,77,653.7241379
1942,76,712.5983871
1943,75,810.8030303
1944,74,868.1452206
1945,73,1349.944444
1946,72,744.2873462
1947,71,717.2297189
1948,70,1006.531928
1949,69,767.0964467
1950,68,840.2038249
1951,67,796.7806248
1952,66,897.5182825
1953,65,736.4974684
1954,64,769.1504388
1955,63,819.8022745
1956,62,746.8677739
1957,61,852.4602915
1958,60,737.8803353
1959,59,878.7809678
1960,58,783.2133282
1961,57,779.5204354
1962,56,762.4629039
1963,55,773.6427225
1964,54,866.0408382
1965,53,731.0233781
1966,52,775.8789249
1967,51,725.7439259
1968,50,719.0508317
1969,49,715.1607191
1970,48,756.7022836
1971,47,716.3503254
1972,46,727.6288537
1973,45,760.0922323
1974,44,708.8105375
1975,43,692.7848649
1976,42,722.2077088
1977,41,779.2530806
1978,40,708.4736903
1979,39,708.9759266
1980,38,758.0150712
1981,37,720.9939708
1982,36,697.5297797
1983,35,684.7013346
1984,34,695.9792866
1985,33,704.4430281
1986,32,686.5275966
1987,31,716.049097
1988,30,750.7835665
1989,29,710.2224947
1990,28,762.3795055
1991,27,675.858663
1992,26,749.3472637
1993,25,718.4441006
1994,24,666.6246825
1995,23,670.5081447
1996,22,631.1455114
1997,21,622.4472551
1998,20,822.6333003
1999,19,602.1825629
2000,18,640.5800227
2001,17,506.4791667
1885,133,734.9
1886,132,12920.2
1888,130,988.1111111
1893,125,745.5789474
1895,123,935.6
1896,122,601
1899,119,761.5625
1900,118,950.7169811
1901,117,841.027027
1907,111,482.5
1910,108,201.7037037
1912,106,736.4166667
1917,101,1336.2
1918,100,558
1921,97,894.5
1923,95,380.5833333
1926,92,649.2894737
1927,91,2125
1930,88,706.5555556
1931,87,1997.222222
1932,86,600.0588235
1933,85,1762.5
1934,84,729.8714286
1935,83,526.4375
1936,82,714.3421053
1937,81,1133.860759
1938,80,3031.466102
1939,79,788.2162162
1940,78,871.2072072
1941,77,843.7271268
1942,76,798.6338673
1943,75,723.814664
1944,74,825.77943
1945,73,751.3356784
1946,72,876.8344371
1947,71,817.7378687
1948,70,870.0228086
1949,69,837.7018779
1950,68,812.7880711
1951,67,866.755706
1952,66,820.9514274
1953,65,781.7828364
1954,64,826.1481844
1955,63,944.7476576
1956,62,827.3318254
1957,61,833.9694486
1958,60,841.0618989
1959,59,825.8315367
1960,58,832.9279159
1961,57,892.575872
1962,56,814.4332797
1963,55,828.0653294
1964,54,821.9701443
1965,53,1154.657839
1966,52,870.1084775
1967,51,807.0894832
1968,50,864.3118351
1969,49,801.1804908
1970,48,838.5226731
1971,47,813.5205002
1972,46,1141.920195
1973,45,808.9669347
1974,44,969.5481674
1975,43,806.7161136
1976,42,810.8183603
1977,41,871.3140635
1978,40,902.6554333
1979,39,847.2225384
1980,38,1118.896865
1981,37,812.4006766
1982,36,897.7935624
1983,35,1353.828205
1984,34,949.6874856
1985,33,890.340054
1986,32,991.8834273
1987,31,1416.279558
1988,30,850.9574667
1989,29,886.0468601
1990,28,889.1785669
1991,27,1023.600301
1992,26,853.5112844
1993,25,853.7051905
1994,24,1014.730236
1995,23,780.6687353
1996,22,825.3513965
1997,21,902.725
1998,20,992.9328018
1999,19,783.8697639
2000,18,791.7769591
2001,17,793.9421488
1885,133,740.125
1886,132,1456.5
1888,130,1183.25
1893,125,581.55
1895,123,874.4615385
1896,122,982.4
1899,119,807.7307692
1900,118,976.8627451
1901,117,959
1907,111,1099.666667
1910,108,343.3055556
1912,106,901.3529412
1913,105,2157
1915,103,403.2
1917,101,1088.022727
1918,100,446.1111111
1920,98,1857
1921,97,828.2
1923,95,344.4545455
1926,92,505.4736842
1927,91,870.75
1928,90,2809.666667
1930,88,3923.25
1931,87,1305
1932,86,483.0422535
1933,85,1154.866667
1934,84,738.8170732
1935,83,861.5333333
1936,82,709.6122449
1937,81,1004.025641
1938,80,687.0565217
1939,79,894.2280702
1940,78,677.3089245
1941,77,839.2842857
1942,76,740.1227513
1943,75,743.310536
1944,74,796.762073
1945,73,739.8247048
1946,72,813.1718113
1947,71,831.6221441
1948,70,883.5926069
1949,69,828.4287273
1950,68,817.2381786
1951,67,857.8240223
1952,66,1156.463626
1953,65,755.8951378
1954,64,927.4356164
1955,63,950.4618157
1956,62,810.2549308
1957,61,826.6139637
1958,60,817.1921899
1959,59,829.1572398
1960,58,800.5370193
1961,57,847.9879503
1962,56,822.2935566
1963,55,818.6048425
1964,54,808.9082374
1965,53,801.4419222
1966,52,824.9633765
1967,51,813.1297622
1968,50,840.8125079
1969,49,810.3646054
1970,48,848.9832043
1971,47,883.0043196
1972,46,891.3742036
1973,45,810.1074977
1974,44,825.2572406
1975,43,949.0714599
1976,42,789.7862117
1977,41,891.8794192
1978,40,872.9588263
1979,39,799.0134046
1980,38,826.1060089
1981,37,847.1256645
1982,36,813.3825986
1983,35,826.1448609
1984,34,775.5571112
1985,33,838.508144
1986,32,873.0629267
1987,31,1193.606437
1988,30,862.0811414
1989,29,830.1609099
1990,28,793.9796147
1991,27,804.6753226
1992,26,843.0756041
1993,25,1076.455276
1994,24,956.1855288
1995,23,1344.115401
1996,22,1559.592667
1997,21,857.3596184
1998,20,1425.472162
1999,19,914.5417367
2000,18,783.2862694
2001,17,662.8368794
1885,133,996.8181818
1886,132,1194.545455
1887,131,1468.6
1893,125,600.2222222
1895,123,1154.2
1896,122,341.3333333
1899,119,866.5121951
1900,118,1085.911392
1901,117,1019.968254
1907,111,1036
1910,108,428.4782609
1912,106,825.9666667
1913,105,1618.666667
1915,103,602.75
1917,101,914.5333333
1918,100,817.8333333
1920,98,674.75
1921,97,496.5555556
1923,95,939.1073826
1926,92,643.6585366
1927,91,1001.238095
1928,90,1443.888889
1929,89,888.4
1930,88,16115.42105
1931,87,1304.209302
1932,86,2663.938776
1933,85,965.08
1934,84,804.9215686
1935,83,884.890625
1936,82,740
1937,81,898.2173913
1938,80,944.7377778
1939,79,874.0630631
1940,78,788.9301205
1941,77,795.3683409
1942,76,752.8693245
1943,75,991.8380952
1944,74,877.3801047
1945,73,778.7388724
1946,72,805.9173184
1947,71,870.725943
1948,70,887.7676349
1949,69,853.8226975
1950,68,855.9199465
1951,67,1085.956504
1952,66,822.5160355
1953,65,954.3393834
1954,64,913.3257894
1955,63,860.1121209
1956,62,827.8513292
1957,61,877.7153083
1958,60,963.9997216
1959,59,852.3255814
1960,58,802.7168762
1961,57,849.6536506
1962,56,860.3320889
1963,55,922.9672734
1964,54,837.3227763
1965,53,822.9825901
1966,52,860.0395075
1967,51,819.5761535
1968,50,813.2388412
1969,49,859.3572864
1970,48,824.5065615
1971,47,959.0221025
1972,46,855.2785459
1973,45,873.2003843
1974,44,894.4935248
1975,43,823.1521137
1976,42,865.1472466
1977,41,887.4828451
1978,40,838.2687834
1979,39,893.1809966
1980,38,1006.800027
1981,37,858.0314009
1982,36,886.9923399
1983,35,1207.795624
1984,34,881.531404
1985,33,990.2242769
1986,32,845.2246358
1987,31,1652.99588
1988,30,870.6604633
1989,29,943.0257074
1990,28,1040.421053
1991,27,949.2791037
1992,26,955.1729966
1993,25,960.258723
1994,24,990.8660305
1995,23,1252.000582
1996,22,1391.47925
1997,21,1369.94407
1998,20,1935.102027
1999,19,1012.212248
2000,18,778.6507353
2001,17,746.8792651
1874,144,1379.5
1885,133,805.5423729
1886,132,1226.909091
1887,131,727.5238095
1893,125,588.25
1895,123,925.1875
1896,122,813.5
1899,119,932.972973
1900,118,961.421875
1901,117,1014.171429
1910,108,405.0869565
1912,106,762.2857143
1913,105,1647.357143
1915,103,2987.75
1917,101,1009.333333
1918,100,628.0555556
1921,97,328.75
1923,95,1222.547009
1926,92,805.25
1927,91,940.7727273
1928,90,1178.3125
1929,89,806.5185185
1930,88,221.3333333
1931,87,1064.333333
1932,86,343.2028986
1933,85,1005.622951
1934,84,791.75
1935,83,1201.12766
1936,82,1017.71875
1937,81,884.6923077
1938,80,653.2366864
1939,79,588.28
1940,78,943.2285156
1941,77,829.1821138
1942,76,719.6406068
1943,75,832.0786164
1944,74,778.4622991
1945,73,1250.679764
1946,72,819.1947977
1947,71,990.3920279
1948,70,839.5237879
1949,69,827.0080853
1950,68,947.8177861
1951,67,973.2992449
1952,66,842.8901145
1953,65,869.4784803
1954,64,922.665989
1955,63,891.2389641
1956,62,836.8356424
1957,61,892.9208452
1958,60,841.6307811
1959,59,825.5720113
1960,58,837.8106495
1961,57,872.5098399
1962,56,819.6915197
1963,55,843.0230571
1964,54,834.3745574
1965,53,911.8864568
1966,52,831.6882228
1967,51,847.3908229
1968,50,870.2876225
1969,49,846.4458437
1970,48,821.7581516
1971,47,828.8695621
1972,46,844.4286099
1973,45,876.8048236
1974,44,850.0883041
1975,43,902.9129196
1976,42,847.227243
1977,41,900.9632827
1978,40,881.8524263
1979,39,890.3752222
1980,38,911.4556705
1981,37,937.3257238
1982,36,834.8138524
1983,35,927.7586318
1984,34,865.885696
1985,33,926.2584406
1986,32,878.1910883
1987,31,1789.229704
1988,30,918.5448994
1989,29,883.2839896
1990,28,1001.671693
1991,27,840.537511
1992,26,903.3037757
1993,25,880.8646741
1994,24,899.672394
1995,23,1372.302108
1996,22,1018.182582
1997,21,1126.880848
1998,20,1406.938552
1999,19,1364.001998
2000,18,1054.552986
2001,17,862.1076716
1885,133,761.452381
1886,132,1478.380952
1887,131,669.4545455
1888,130,1031.076923
1890,128,5906
1893,125,725.8
1895,123,744.05
1896,122,371.5
1899,119,969.6428571
1900,118,851.766055
1901,117,1171.052632
1905,113,1824.666667
1907,111,468.8888889
1910,108,423.4545455
1912,106,860.1666667
1913,105,1096.75
1915,103,2091
1916,102,1238
1917,101,992.75
1918,100,607.1842105
1920,98,673.5
1921,97,296.125
1923,95,1323.654321
1928,90,1154.736842
1929,89,886.375
1930,88,624.5
1931,87,785.5952381
1932,86,362.4368932
1933,85,995.4864865
1934,84,734.609375
1935,83,1369.592593
1936,82,811.9350649
1937,81,1353.740741
1938,80,603.3571429
1939,79,922.0657895
1940,78,834.1438053
1941,77,778.7743431
1942,76,787.4229471
1943,75,909.4231275
1944,74,828.5163842
1945,73,809.8830645
1946,72,903.5456947
1947,71,1064.039954
1948,70,852.932131
1949,69,907.0446304
1950,68,833.5898603
1951,67,854.4765957
1952,66,851.1006265
1953,65,982.9051835
1954,64,834.0094503
1955,63,862.451572
1956,62,822.070056
1957,61,869.7042765
1958,60,858.7477061
1959,59,840.0837313
1960,58,1010.624176
1961,57,948.3017146
1962,56,853.617337
1963,55,857.4025382
1964,54,817.0364412
1965,53,897.8913576
1966,52,909.5755451
1967,51,847.1654897
1968,50,917.0625512
1969,49,862.4022374
1970,48,896.2138572
1971,47,849.3607448
1972,46,850.7851768
1973,45,836.0642907
1974,44,950.8076546
1975,43,965.0242084
1976,42,885.1495621
1977,41,855.9322009
1978,40,948.6466356
1979,39,1006.152748
1980,38,1000.215926
1981,37,981.9587734
1982,36,940.8348841
1983,35,1322.802988
1984,34,847.2030649
1985,33,894.2940667
1986,32,996.0119551
1987,31,2943.588051
1988,30,935.4983384
1989,29,918.0432622
1990,28,931.4503588
1991,27,942.3656758
1992,26,877.9648152
1993,25,1030.356892
1994,24,1065.700233
1995,23,1414.839597
1996,22,1406.808425
1997,21,2269.905764
1998,20,2350.650168
1999,19,1640.662264
2000,18,1297.048982
2001,17,1721.375
1885,133,957.244898
1886,132,955
1887,131,1728.090909
1888,130,1185.75
1889,129,1082
1890,128,709.25
1893,125,550.96
1894,124,932.625
1895,123,659
1899,119,764.1428571
1900,118,901.5
1901,117,1295.269231
1910,108,425.8139535
1912,106,1200.076923
1913,105,903.6666667
1915,103,330
1916,102,5076.166667
1917,101,1428.7
1918,100,643.8235294
1921,97,447.2777778
1923,95,1077.107527
1926,92,441.5
1927,91,1286
1928,90,822.25
1929,89,582.1538462
1930,88,621.3636364
1931,87,918.1176471
1932,86,358.9375
1933,85,815.2
1934,84,765.4545455
1935,83,834.9215686
1936,82,977.8265306
1937,81,1235.157895
1938,80,703.8201439
1939,79,936.1052632
1940,78,732.5498982
1941,77,784.4570136
1942,76,930.9265639
1943,75,901.0442857
1944,74,853.8379205
1945,73,735.3485445
1946,72,886.4921587
1947,71,899.6367084
1948,70,849.4364207
1949,69,854.3749162
1950,68,836.4141039
1951,67,832.8221649
1952,66,866.1342246
1953,65,913.1605962
1954,64,858.0245103
1955,63,876.6570382
1956,62,840.9541733
1957,61,975.6855393
1958,60,860.4986816
1959,59,842.4125198
1960,58,818.692721
1961,57,860.4742851
1962,56,853.1988
1963,55,834.1227602
1964,54,834.1705603
1965,53,818.3845838
1966,52,860.5061812
1967,51,857.4428212
1968,50,856.0528014
1969,49,890.160982
1970,48,863.6004547
1971,47,817.8745371
1972,46,809.2331608
1973,45,847.3858941
1974,44,876.2284158
1975,43,796.8002955
1976,42,908.9245627
1977,41,829.1097374
1978,40,818.8585814
1979,39,860.4742483
1980,38,833.1052853
1981,37,842.962083
1982,36,907.3614032
1983,35,945.028118
1984,34,832.4732737
1985,33,918.2325736
1986,32,842.2187347
1987,31,1785.729071
1988,30,931.5197654
1989,29,838.5570071
1990,28,895.9379821
1991,27,848.9631083
1992,26,818.6930129
1993,25,864.2377992
1994,24,867.3110212
1995,23,1008.082125
1996,22,892.6289855
1997,21,773.15914
1998,20,923.6229727
1999,19,1057.43
2000,18,954.3286554
2001,17,857.4527089
1885,133,898.3684211
1887,131,1126.5
1888,130,1149.2
1889,129,1379
1890,128,12629.33333
1893,125,455.6388889
1894,124,910.4313725
1899,119,1069.846154
1900,118,359.0907945
1901,117,1161.576923
1907,111,756.6666667
1910,108,196.40625
1912,106,1363.361111
1913,105,1719.75
1915,103,328.3333333
1916,102,1038.526316
1917,101,1019.444444
1918,100,653.4
1921,97,336.4761905
1923,95,830.2771084
1926,92,222.4375
1929,89,631.0833333
1930,88,362.2692308
1931,87,577.6363636
1932,86,254.3076923
1933,85,634.94
1934,84,757.8571429
1935,83,698.625
1936,82,940.7941176
1937,81,830.3826531
1938,80,768.9386503
1939,79,814.5359477
1940,78,717.1603376
1941,77,793.0461165
1942,76,782.4276557
1943,75,823.9631902
1944,74,776.4767225
1945,73,1078.088821
1946,72,931.3842105
1947,71,864.9793271
1948,70,821.7895115
1949,69,844.0063559
1950,68,981.2732062
1951,67,864.4297864
1952,66,808.9119343
1953,65,796.2326168
1954,64,806.4370221
1955,63,878.6572908
1956,62,804.9076823
1957,61,928.6596703
1958,60,825.1510212
1959,59,842.9748831
1960,58,853.8752451
1961,57,874.4272182
1962,56,873.687865
1963,55,870.6934979
1964,54,787.0987935
1965,53,818.6162721
1966,52,795.3369241
1967,51,814.3226543
1968,50,814.6593294
1969,49,809.7262448
1970,48,804.1110859
1971,47,795.7094601
1972,46,819.9741241
1973,45,783.4658726
1974,44,797.0396348
1975,43,781.0655989
1976,42,835.4759376
1977,41,793.0675551
1978,40,771.509039
1979,39,977.9204525
1980,38,987.8268624
1981,37,811.8707178
1982,36,982.1076219
1983,35,1347.41356
1984,34,825.0564872
1985,33,969.464349
1986,32,933.5528287
1987,31,2391.861323
1988,30,1190.545403
1989,29,934.3207946
1990,28,1052.425606
1991,27,976.4622274
1992,26,874.4915509
1993,25,820.7489097
1994,24,921.3485764
1995,23,1088.88521
1996,22,1132.612548
1997,21,1562.468481
1998,20,1352.667144
1999,19,854.8153587
2000,18,1068.610137
2001,17,847.1126332
1884,134,1404
1885,133,890.137931
1886,132,1098.4
1887,131,1333.847458
1890,128,630
1893,125,399.5
1894,124,694.2692308
1899,119,998.75
1900,118,250.413452
1901,117,1012.285714
1910,108,174.8947368
1912,106,923.0555556
1913,105,465
1915,103,559
1916,102,289.3333333
1917,101,696.4444444
1918,100,498.875
1920,98,200
1921,97,298.2413793
1923,95,1106.3
1926,92,280.6666667
1927,91,1040
1929,89,631.5
1930,88,886.25
1931,87,921.8571429
1932,86,414.9677419
1933,85,652.125
1934,84,760.125
1935,83,995.3888889
1936,82,620.6810345
1937,81,851.248
1938,80,615.25
1939,79,895.048
1940,78,671.8433735
1941,77,769.3562874
1942,76,706.1220044
1943,75,823.0952381
1944,74,1958.916446
1945,73,740.1374745
1946,72,942.0358589
1947,71,933.9914163
1948,70,762.0745047
1949,69,810.537326
1950,68,825.9267033
1951,67,773.5921959
1952,66,906.198798
1953,65,820.6373712
1954,64,816.5641967
1955,63,833.5362947
1956,62,748.0732241
1957,61,792.4130235
1958,60,819.2583847
1959,59,805.7232357
1960,58,806.4883661
1961,57,793.3625899
1962,56,779.8579739
1963,55,759.57324
1964,54,779.8869847
1965,53,766.7093559
1966,52,744.2284055
1967,51,768.4474546
1968,50,769.3337287
1969,49,788.2067604
1970,48,819.0815158
1971,47,799.871969
1972,46,758.4243667
1973,45,742.7703819
1974,44,722.303112
1975,43,796.7715141
1976,42,741.2678915
1977,41,723.3617791
1978,40,717.2765666
1979,39,815.5198801
1980,38,778.8743428
1981,37,717.3995234
1982,36,799.4249476
1983,35,1231.276719
1984,34,885.3046316
1985,33,783.042856
1986,32,731.6719931
1987,31,1544.231526
1988,30,794.8955819
1989,29,741.0202553
1990,28,793.0439204
1991,27,843.3839539
1992,26,785.3344495
1993,25,730.3989049
1994,24,700.8126796
1995,23,802.5934989
1996,22,923.9669696
1997,21,900.7398894
1998,20,816.9918146
1999,19,828.9908157
2000,18,679.2133832
2001,17,633.4017372
1885,133,822.5925926
1887,131,669.3114754
1889,129,1115
1894,124,652
1899,119,1281
1900,118,284.3623446
1901,117,1140.166667
1907,111,671
1910,108,216.8571429
1912,106,877.6
1916,102,276.5
1917,101,516.5
1918,100,673.4285714
1921,97,246.875
1923,95,1000.896104
1926,92,222.6
1929,89,493.5
1931,87,753.1176471
1932,86,518.9375
1933,85,331.2307692
1934,84,766.0634921
1935,83,7918
1936,82,467.0531915
1937,81,674.3868613
1938,80,559.8888889
1939,79,921.4065041
1940,78,1021.311284
1941,77,689.905569
1942,76,747.0200861
1943,75,762.3484087
1944,74,659.2524851
1945,73,630.5240964
1946,72,705.5448868
1947,71,788.1194235
1948,70,782.7599569
1949,69,722.7872679
1950,68,717.5412326
1951,67,747.5408629
1952,66,753.6895557
1953,65,733.9749655
1954,64,747.4060164
1955,63,772.1453825
1956,62,711.0911772
1957,61,755.9003403
1958,60,732.7245173
1959,59,731.9348121
1960,58,795.5886307
1961,57,724.4554098
1962,56,692.1541457
1963,55,1063.817023
1964,54,705.4789653
1965,53,695.6012826
1966,52,705.624315
1967,51,711.2109309
1968,50,733.3137887
1969,49,739.1068018
1970,48,807.7831426
1971,47,714.9271864
1972,46,692.3244815
1973,45,804.833343
1974,44,679.778682
1975,43,699.9834816
1976,42,695.0366769
1977,41,884.224391
1978,40,653.9629262
1979,39,676.2031629
1980,38,667.5668425
1981,37,656.5009954
1982,36,685.7236251
1983,35,773.748556
1984,34,672.6883751
1985,33,704.3974827
1986,32,714.8329207
1987,31,845.5722583
1988,30,693.7763129
1989,29,710.017264
1990,28,669.3562879
1991,27,799.8264209
1992,26,739.2271807
1993,25,717.085701
1994,24,670.5573075
1995,23,731.7784502
1996,22,702.9810325
1997,21,818.7284768
1998,20,657.0289362
1999,19,575.0470952
2000,18,932.6009115
2001,17,748.2039474
1885,133,666.969697
1886,132,1265
1887,131,784.1320755
1894,124,752.9090909
1899,119,1414.2
1900,118,381.5141844
1901,117,1286.882353
1910,108,204.3125
1912,106,703.5862069
1916,102,776
1917,101,472.6666667
1918,100,552
1919,99,2168
1921,97,223.7142857
1923,95,4686.666667
1929,89,454.5
1931,87,276
1932,86,712.8888889
1933,85,431.5
1934,84,819.46
1935,83,436.75
1936,82,501.3703704
1937,81,524.5801105
1938,80,610.3846154
1939,79,806.1428571
1940,78,602.0758294
1941,77,793.1348601
1942,76,928.1861386
1943,75,903.8231293
1944,74,747.5362319
1945,73,610.4391304
1946,72,660.4154752
1947,71,734.8383751
1948,70,856.3150392
1949,69,712.7525108
1950,68,713.8860759
1951,67,772.2200873
1952,66,770.5484115
1953,65,744.9560691
1954,64,810.9158961
1955,63,756.1195557
1956,62,798.6544198
1957,61,768.1064615
1958,60,744.5424516
1959,59,714.8842593
1960,58,690.518127
1961,57,674.8154114
1962,56,686.563734
1963,55,749.6529374
1964,54,696.7812629
1965,53,696.6067301
1966,52,687.1611864
1967,51,667.1658824
1968,50,751.2609788
1969,49,748.314169
1970,48,735.6429312
1971,47,664.7774159
1972,46,715.5922636
1973,45,778.4119371
1974,44,675.1918995
1975,43,879.7944845
1976,42,686.6847691
1977,41,840.6211228
1978,40,670.180639
1979,39,710.8583463
1980,38,681.4122489
1981,37,674.2599215
1982,36,652.3807889
1983,35,728.6395254
1984,34,622.8005519
1985,33,710.4056174
1986,32,653.5099351
1987,31,683.5856963
1988,30,685.8633071
1989,29,709.6020019
1990,28,673.3207928
1991,27,674.5582142
1992,26,666.7981683
1993,25,688.1147497
1994,24,677.101793
1995,23,707.3622719
1996,22,618.3944433
1997,21,607.6434127
1998,20,660.6720413
1999,19,612.0295749
2000,18,656.9542373
2001,17,722.862969
2002,16,430